ReaderID,Name,Gender,Phone,Address,Email,CreatedAt
1,王丹,Male,15032181960,山东省建平县上街嘉禾路j座 651161,dujuan@example.org,2022-12-4
2,熊桂芳,Male,13116184959,河南省福州市淄川曾路x座 934192,yandeng@example.org,2022-1-30
3,孙桂英,Male,18983503056,内蒙古自治区辽阳市永川李街V座 496965,invalid@example..com,2021-3-5
4,李辉,Male,18012269166,澳门特别行政区磊市丰都李路D座 548281,invalid@example..com,2024-4-26
5,张瑞,Female,13180957015,山西省波市城北澳门路I座 846578,jun03@example.net,2021-1-10
6,刘雪,Female,13498393010,内蒙古自治区北镇市璧山董街U座 237631,invalid@example..com,2023-9-1
7,周丹丹,Female,18001065133,安徽省丽华市华龙沈阳街W座 726773,xiasu@example.org,2020-7-1
8,吴冬梅,Female,15174687234,广西壮族自治区沈阳县长寿梧州街e座 136193,fangxue@example.net,2025-4-8
9,周玉梅,Female,18943534624,新疆维吾尔自治区乌鲁木齐市长寿哈尔滨街x座 927849,wlu@example.org,2020-1-25
10,季旭,Female,18124118244,香港特别行政区娟市滨城王路O座 127868,yanmao@example.org,2020-12-13
11,管建国,Female,13105982620,河北省桂荣市西峰永安街V座 763421,ming05@example.org,2020-4-30
12,刘桂芳,Female,15843303654,湖北省凤兰县丰都郑州路L座 601965,invalid@example..com,2023-9-17
13,吴坤,Female,15106088356,吉林省璐县朝阳苏街A座 929946,zhaomin@example.net,2020-1-2
14,陈雪梅,Female,13399577738,香港特别行政区俊市白云武汉街p座 491769,qhan@example.org,2023-4-7
15,赵峰,Female,15501632870,澳门特别行政区玉县徐汇徐街X座 434714,guiyingsun@example.org,2022-4-24
16,杨浩,Female,13823623166,甘肃省军县和平陈路I座 173467,xia76@example.org,2023-4-23
17,董秀云,Female,18627298069,新疆维吾尔自治区沈阳县淄川宜都路W座 146417,dongyang@example.com,2024-8-2
18,闭倩,Female,15010033092,浙江省霞县山亭沈阳街t座 263193,jietang@example.net,2022-7-25
19,方刚,Male,15886518506,河北省畅县双滦柳州路D座 594531,invalid@example..com,2023-11-1
20,崔春梅,Female,15707527354,澳门特别行政区兰州市朝阳深圳路Y座 514363,lei94@example.net,2024-12-11
21,马红梅,Female,18285574443,山东省潮州县梁平南宁路x座 140824,houmin@example.org,2020-6-18
22,苏阳,Female,15571094777,内蒙古自治区小红市锡山邯郸街h座 799938,jing04@example.com,2023-10-31
23,陈琳,Female,15299091334,黑龙江省永安县闵行福州路S座 713493,guojun@example.org,2020-12-22
24,萧玲,Female,15321024994,陕西省桂花县黄浦荆门路b座 139904,dfeng@example.net,2021-6-28
25,郭玉,Female,18942967175,黑龙江省秀梅县城东宜都街q座 816808,uma@example.net,2023-7-7
26,张畅,Male,14577034824,福建省沈阳市朝阳郑州路P座 874846,fzhu@example.org,2024-1-7
27,孙峰,Male,15939821465,辽宁省秀华县新城霍街K座 736057,chao44@example.net,2023-4-14
28,张三,Female,13889517187,内蒙古自治区燕县东城邵路O座 580913,zhangsan@example.com,2021-12-7
29,周帅,Male,14517240050,澳门特别行政区博市南湖韩街L座 137474,ming56@example.org,2023-12-16
30,余晨,Male,13675946474,云南省英县秀英王街s座 595339,natao@example.org,2021-2-28
31,鲁刚,Male,15270952145,澳门特别行政区志强县和平邹路j座 168516,mhao@example.org,2022-4-1
32,孙燕,Male,13265137098,广东省林市兴山邰街p座 367586,xiuying31@example.net,2023-7-13
33,黎桂荣,Male,15105377351,山东省宜都市翔安北镇街Y座 418393,xia50@example.com,2022-10-17
34,韦伟,Male,15122842102,上海市澳门市城北石家庄路X座 489178,mojun@example.net,2025-3-26
35,任莉,Female,18700766177,内蒙古自治区兴安盟县淄川林路Y座 783673,dongmin@example.net,2022-11-19
36,赵帆,Male,15765452711,江苏省北镇市朝阳莫街M座 351983,duping@example.org,2024-2-7
37,毛倩,Female,18085149368,上海市通辽县怀柔昆明街e座 701836,yaoyong@example.net,2023-11-10
38,张婷,Male,18659910229,宁夏回族自治区玉县孝南哈尔滨路s座 184036,zhenggang@example.com,2020-1-24
39,陈楠,Female,14524451076,香港特别行政区斌县兴山宜都街K座 796641,jieqian@example.net,2020-3-5
40,张桂芳,Female,15351613696,江西省兵市璧山哈尔滨路p座 324329,qinli@example.net,2020-8-22
41,屈金凤,Female,18799799552,湖北省齐齐哈尔市白云王路e座 999867,edeng@example.com,2020-5-7
42,申坤,Female,15797820715,福建省丽丽市清浦吴路Y座 515186,wangyang@example.org,2022-2-21
43,杨建,Female,18954629148,澳门特别行政区嘉禾县秀英张街X座 533221,yyuan@example.com,2020-11-10
44,田建华,Male,14562229270,青海省秀芳市丰都冷路x座 774688,rpan@example.net,2021-5-18
45,侯成,Male,123456,澳门特别行政区太原市长寿岳街f座 775060,fang75@example.net,2024-4-8
46,刘浩,Male,15830515220,山西省香港市双滦太原街h座 236971,tao27@example.com,2024-4-1
47,曹秀英,Male,18524609539,澳门特别行政区波市高明六安路V座 651531,qhe@example.net,2021-2-18
48,黄雪,Female,15327722170,广东省淑华县清城黄街r座 656676,juan03@example.org,2021-8-3
49,杜洁,Female,18984161692,广东省琳市黄浦王路r座 116582,min11@example.com,2021-3-19
50,王波,Female,15055690927,澳门特别行政区桂珍县上街重庆街H座 481447,ming71@example.net,2025-3-16
51,杜小红,Male,14712172715,广东省贵阳县璧山拉萨街Y座 805895,yan18@example.net,2024-9-9
52,邓健,Female,13646786691,新疆维吾尔自治区阳市城北济南街k座 253584,minyuan@example.org,2022-2-17
53,曾丹,Male,13849818299,天津市兰州市沈北新冯街O座 847364,jingzhang@example.net,2020-8-14
54,张丽娟,Female,18873592555,广西壮族自治区佛山市孝南武汉街s座 696325,wfu@example.com,2021-8-12
55,胡丹丹,Female,18847016873,河南省桂香县丰都荆门街U座 965060,xiulanmo@example.org,2021-8-27
56,罗斌,Male,15987849912,辽宁省梧州县长寿哈尔滨街Z座 387298,qinming@example.com,2022-10-15
57,张梅,Male,13258887947,甘肃省杰县沈北新潮州街j座 809130,pengmin@example.net,2022-9-1
58,张文,Male,18289702838,西藏自治区玉梅市静安袁路m座 548434,invalid@example..com,2021-10-5
59,杨倩,Female,13144198665,海南省霞县翔安霍路g座 130833,licheng@example.com,2020-11-7
60,杨桂香,Female,13720826773,天津市宁德市清城张路a座 899154,min40@example.org,2024-8-14
61,安亮,Male,18087431527,河南省贵阳县房山马鞍山街i座 453046,yan20@example.net,2023-10-19
62,尤莉,Female,13290453017,黑龙江省桂花县平山冯街E座 879568,invalid@example..com,2024-7-28
63,范浩,Male,13078519108,广西壮族自治区林市蓟州孟路G座 579087,xiulanxia@example.org,2020-3-8
64,刘伟,Male,18639106518,内蒙古自治区超县朝阳宁德路C座 261825,invalid@example..com,2021-7-8
65,何芳,Female,15300478686,湖北省郑州市大兴杭州街M座 779030,junsun@example.com,2023-9-25
66,高华,Female,123456,香港特别行政区敏县吉区常街t座 908926,invalid@example..com,2024-3-19
67,师春梅,Female,13385662462,新疆维吾尔自治区永安县梁平刘街P座 175183,okang@example.com,2022-4-14
68,袁刚,Male,18013983735,西藏自治区杭州县西峰吴路q座 687717,chao33@example.net,2021-9-23
69,陈平,Male,13232048996,福建省雪县蓟州张路i座 228080,jie35@example.org,2020-5-30
70,赵敏,Male,123456,香港特别行政区柳市和平北京路b座 384086,zoujie@example.org,2020-11-28
71,郭秀英,Male,14798454615,广东省哈尔滨市崇文罗街S座 217659,ksun@example.org,2024-6-28
72,刘淑华,Female,15101489025,内蒙古自治区瑞市高明谭街G座 601631,huangxiulan@example.org,2025-2-23
73,全晶,Male,13447735866,山西省艳市海陵海门街u座 611047,yongxue@example.net,2022-4-18
74,李彬,Male,18278886101,云南省辛集县高明柳州街k座 244472,xia19@example.net,2021-6-3
75,陈梅,Male,18815437993,陕西省春梅县黄浦白街u座 575265,ifan@example.com,2024-3-5
76,杨萍,Male,15365193982,河南省永安县海港香港街Y座 717979,tanyan@example.org,2024-7-18
77,高畅,Male,18589113529,贵州省宁市东丽梧州街x座 179825,xiongyang@example.net,2024-2-8
78,陈凯,Female,13725457387,广西壮族自治区邯郸市沙湾萧街H座 882586,tao17@example.net,2021-12-21
79,曹彬,Male,15566093796,湖北省银川市清浦宜都街Q座 785969,tbai@example.org,2024-12-28
80,杨桂芳,Male,14524991251,辽宁省婷婷市高明惠州街F座 122579,lifang@example.org,2023-1-20
81,朱想,Male,15368876767,江西省超县沈河宜都路K座 848580,fhan@example.net,2024-8-24
82,帅旭,Male,18634074517,宁夏回族自治区合肥市安次何街T座 349481,kangjuan@example.net,2023-7-2
83,宣阳,Male,18523253672,山西省萍县静安谢街O座 418636,yang66@example.com,2024-3-17
84,杨红,Male,15789297500,新疆维吾尔自治区济南市黄浦嘉禾街P座 224154,invalid@example..com,2023-3-1
85,王秀珍,Male,18636110371,北京市阜新市房山王路U座 715542,xiulanjiang@example.net,2021-2-17
86,王磊,Male,14527532697,云南省琳县海港萧街X座 443898,gangduan@example.org,2023-5-2
87,萧秀英,Female,18861379180,四川省深圳市秀英澳门街d座 784866,min26@example.net,2020-9-13
88,陈婷,Male,13683285691,山西省林县清河济南街S座 527588,yan63@example.org,2021-6-2
89,李玲,Male,18610564814,重庆市志强县长寿郑州街c座 330756,wanqiang@example.net,2021-7-10
90,罗婷婷,Female,15053654195,江西省马鞍山市普陀杨路x座 849493,wangyong@example.org,2023-2-18
91,湛岩,Female,18683206038,广东省杭州市大兴武汉路c座 286571,yang05@example.org,2024-4-19
92,曾秀荣,Male,13699062344,江西省拉萨市高坪成都路u座 518537,na55@example.com,2023-12-10
93,邵俊,Female,13949035213,湖南省重庆县徐汇佛山街h座 603236,na80@example.net,2020-9-18
94,柳宇,Male,123456,江苏省北镇市兴山成都路F座 366253,dengjuan@example.net,2022-5-4
95,徐建国,Male,13599934768,江苏省杨市江北戴路I座 559856,fdai@example.com,2021-7-12
96,杨建平,Female,13440785932,重庆市六安县南湖辽阳路T座 899293,kongyong@example.org,2024-8-11
97,张明,Male,13603930870,广西壮族自治区天津市沙市芦路L座 754522,xiuying32@example.com,2024-2-22
98,张兰英,Female,123456,广东省阳市西夏昆明路O座 672513,yongyan@example.org,2022-9-19
99,曾健,Female,15357043315,甘肃省永安县淄川李路k座 510405,guiying00@example.com,2020-11-21
100,杨淑珍,Female,13918159970,黑龙江省晨市东丽南宁路Q座 943106,invalid@example..com,2024-3-5
101,王伟,Female,18214973103,吉林省桂珍县蓟州关岭路x座 852704,yanglin@example.org,2023-12-15
102,刘玲,Female,13202115869,西藏自治区深圳县海陵东莞街W座 122332,xiadai@example.com,2023-8-8
103,厉淑兰,Female,14729451168,北京市龙县双滦银川街I座 864679,uxiao@example.com,2020-4-26
104,陈建,Male,14596065307,湖北省帅市海港金路U座 791373,ming05@example.com,2024-2-14
105,阎晨,Female,13648628902,新疆维吾尔自治区淮安市上街林街p座 979727,juandai@example.org,2022-12-22
106,张秀兰,Male,18614060293,湖北省军市闵行上海街M座 546657,yangjiang@example.net,2021-11-8
107,陈桂珍,Male,13210858994,湖北省丹县大东柳州街Z座 552074,yong17@example.org,2023-7-24
108,吴明,Male,13293538758,西藏自治区澳门市新城齐齐哈尔街A座 254947,jing82@example.com,2024-1-1
109,武斌,Male,18838168460,新疆维吾尔自治区辽阳市海陵曹街O座 307432,jiehu@example.com,2024-3-1
110,李淑兰,Male,15566676008,上海市海口市六枝特银川路k座 904478,mingcai@example.com,2022-11-15
111,邢亮,Male,15775326033,浙江省东莞市平山海门路M座 810016,invalid@example..com,2023-3-27
112,高淑华,Male,18523046184,甘肃省梧州市城东汕尾街X座 383564,invalid@example..com,2020-5-2
113,欧秀华,Male,15730011972,湖南省宜都县沈北新西安街s座 156110,weigang@example.net,2021-3-5
114,杨丽丽,Male,123456,陕西省淑英县高明萧街i座 821697,gang55@example.org,2021-7-17
115,戴涛,Male,18027716701,贵州省荆门市和平张街P座 887721,yang50@example.net,2022-9-23
116,杨萍,Male,13583866317,青海省欢县秀英赵街Y座 688375,cxu@example.org,2020-6-17
117,顾玉英,Male,13199757113,澳门特别行政区宁市山亭永安街N座 431637,maoming@example.net,2022-11-15
118,廖平,Male,18991779827,西藏自治区贵阳市高坪胡路M座 346547,wufang@example.net,2021-3-5
119,许梅,Male,15385833394,江苏省东莞县沙湾谢路B座 181062,invalid@example..com,2020-6-24
120,刘瑞,Male,15242043805,云南省梧州县锡山赵路a座 939735,nfan@example.net,2025-2-17
121,石想,Male,15272122816,江苏省香港市新城长春街M座 694798,shenlei@example.net,2020-8-14
122,郭彬,Male,13018268861,河南省合山县永川徐街R座 561648,jun35@example.com,2020-3-17
123,林凤兰,Male,18770435811,浙江省嘉禾市安次长沙街T座 501102,xiaxia@example.org,2024-9-29
124,梁娜,Female,18946676650,内蒙古自治区乌鲁木齐县长寿韦路s座 966072,hzheng@example.net,2021-11-14
125,姜英,Female,15524508821,山西省利县翔安南京街N座 931290,baixiulan@example.net,2023-12-4
126,陈波,Female,15113975523,广西壮族自治区欣县白云熊路a座 333645,liaoxiuying@example.org,2022-10-27
127,孙兰英,Female,14547812914,内蒙古自治区东莞市崇文澳门路x座 939427,xiahu@example.com,2024-5-4
128,赵桂花,Male,13439282722,西藏自治区刚市蓟州澳门路c座 185677,invalid@example..com,2020-5-3
129,李丹,Male,15349892665,澳门特别行政区淑珍市合川江路Y座 390827,invalid@example..com,2021-12-15
130,林萍,Female,14722259136,黑龙江省军市兴山合肥街d座 142869,guiying77@example.com,2022-5-30
131,刘桂香,Female,18072369292,黑龙江省淑英市魏都李街H座 129127,invalid@example..com,2024-7-9
132,李建华,Female,18198068650,海南省嘉禾市金平兰州路q座 900981,zjin@example.com,2020-1-23
133,蔡玉梅,Female,18251269448,陕西省永安县南湖刘路X座 221372,xxiong@example.net,2021-10-28
134,张三,Female,13960127961,天津市莹县清河徐街m座 398839,zhangsan@example.com,2020-4-22
135,刘伟,Female,13914656693,海南省丹市南长梁路A座 281845,zougang@example.org,2024-5-13
136,常娟,Female,18576973577,云南省福州县朝阳澳门街f座 651827,taoguiying@example.com,2023-1-3
137,伍玲,Female,13937333433,河北省兰州县西夏黄路K座 472846,junyi@example.com,2024-11-26
138,王玉华,Female,18880856271,浙江省帅县清浦澳门街E座 752763,slu@example.org,2023-3-2
139,万萍,Female,18729293143,西藏自治区贵阳县永川贾路J座 561203,mqian@example.org,2024-1-20
140,徐颖,Female,15155884506,安徽省琴县璧山安路D座 725699,mengyong@example.net,2020-8-9
141,张娜,Male,15754496475,江苏省香港市安次李街J座 506811,kren@example.org,2025-4-4
142,李冬梅,Female,15233472282,天津市晶县普陀李街O座 988457,invalid@example..com,2021-12-6
143,徐云,Male,18242400825,西藏自治区磊县牧野张家港街J座 463266,tao80@example.net,2022-3-28
144,周秀英,Male,13094484631,青海省小红市吉区沈阳街g座 242703,jielin@example.org,2021-4-13
145,胡慧,Male,18247570512,安徽省香港县永川六安路V座 837183,lina@example.org,2023-4-23
146,谷晨,Female,15508814743,广西壮族自治区成都县平山上海街S座 251327,fang31@example.org,2025-4-6
147,单飞,Male,13552812735,海南省香港市蓟州高路K座 985574,qiang30@example.net,2021-5-13
148,何欣,Female,123456,香港特别行政区彬市清浦沈路H座 782945,lei85@example.com,2022-9-27
149,李波,Female,13522031731,澳门特别行政区辉县沈河杭州路D座 558650,xuyang@example.com,2024-7-1
150,卢莉,Female,13638113863,甘肃省齐齐哈尔县房山昆明路Q座 989755,weizhang@example.org,2022-10-5
